settlement_id	region	default_onscreen_name	template_name	slot_count	slot_type
#campaign_map_settlements_tables;0;db/campaign_map_settlements_tables/campaign_map_settlements					
settlement:emp_achaia_athenae	emp_achaia_athenae	Athenae	sho_generic_castle	4	settlement
settlement:emp_achaia_gortyna	emp_achaia_gortyna	Gortyna	sho_generic_castle	4	settlement
settlement:emp_achaia_sparta	emp_achaia_sparta	Sparta	sho_generic_castle	4	settlement
settlement:emp_aegyptos_alexandria	emp_aegyptos_alexandria	Alexandria	sho_generic_castle	4	settlement
settlement:emp_aegyptos_diospolis	emp_aegyptos_diospolis	Diospolis	sho_generic_castle	4	settlement
settlement:emp_aegyptos_memphis	emp_aegyptos_memphis	Memphis	sho_generic_castle	4	settlement
settlement:emp_aegyptos_myos_hormos	emp_aegyptos_myos_hormos	Myos Hormos	sho_generic_castle	4	settlement
settlement:emp_aethiopia_aksum	emp_aethiopia_aksum	Aksum	sho_generic_castle	4	settlement
settlement:emp_aethiopia_meroe	emp_aethiopia_meroe	Meroe	sho_generic_castle	4	settlement
settlement:emp_aethiopia_ptolemais_theron	emp_aethiopia_ptolemais_theron	Ptolemais Theron	sho_generic_castle	4	settlement
settlement:emp_africa_carthago	emp_africa_carthago	Carthago	sho_generic_castle	4	settlement
settlement:emp_africa_hadrumentum	emp_africa_hadrumentum	Hadrumentum	sho_generic_castle	4	settlement
settlement:emp_africa_leptis_magna	emp_africa_leptis_magna	Leptis Magna	sho_generic_castle	4	settlement
settlement:emp_africa_macomades	emp_africa_macomades	Macomades	sho_generic_castle	4	settlement
settlement:emp_aquitania_burdigala	emp_aquitania_burdigala	Burdigala	sho_generic_castle	4	settlement
settlement:emp_aquitania_gergovia	emp_aquitania_gergovia	Gergovia	sho_generic_castle	4	settlement
settlement:emp_aquitania_limonum	emp_aquitania_limonum	Limonum	sho_generic_castle	4	settlement
settlement:emp_arabia_felix_eudaemon	emp_arabia_felix_eudaemon	Eudaemon	sho_generic_castle	4	settlement
settlement:emp_arabia_felix_maas_gat	emp_arabia_felix_maas_gat	Maas-gat	sho_generic_castle	4	settlement
settlement:emp_arabia_felix_marib	emp_arabia_felix_marib	Marib	sho_generic_castle	4	settlement
settlement:emp_arabia_magna_adummatu	emp_arabia_magna_adummatu	Adummatu	sho_generic_castle	4	settlement
settlement:emp_arabia_magna_gerrha	emp_arabia_magna_gerrha	Gerrha	sho_generic_castle	4	settlement
settlement:emp_arabia_magna_yathrib	emp_arabia_magna_yathrib	Yathrib	sho_generic_castle	4	settlement
settlement:emp_aria_amul	emp_aria_amul	Amul	sho_generic_castle	4	settlement
settlement:emp_aria_artacoana	emp_aria_artacoana	Artacoana	sho_generic_castle	4	settlement
settlement:emp_aria_merv	emp_aria_merv	Merv	sho_generic_castle	4	settlement
settlement:emp_armenia_arsamosata	emp_armenia_arsamosata	Arsamosata	sho_generic_castle	4	settlement
settlement:emp_armenia_artaxa	emp_armenia_artaxa	Artaxa	sho_generic_castle	4	settlement
settlement:emp_armenia_carana	emp_armenia_carana	Carana	sho_generic_castle	4	settlement
settlement:emp_armenia_tigranocerta	emp_armenia_tigranocerta	Tigranocerta	sho_generic_castle	4	settlement
settlement:emp_asia_ephesus	emp_asia_ephesus	Ephesus	sho_generic_castle	4	settlement
settlement:emp_asia_pergamum	emp_asia_pergamum	Pergamum	sho_generic_castle	4	settlement
settlement:emp_asia_pessinus	emp_asia_pessinus	Pessinus	sho_generic_castle	4	settlement
settlement:emp_asia_rhodos	emp_asia_rhodos	Rhodos	sho_generic_castle	4	settlement
settlement:emp_bactria_baktria	emp_bactria_baktria	Baktria	sho_generic_castle	4	settlement
settlement:emp_bactria_eucratides	emp_bactria_eucratides	Eucratides	sho_generic_castle	4	settlement
settlement:emp_bactria_kapisene	emp_bactria_kapisene	Kapisene	sho_generic_castle	4	settlement
settlement:emp_baetica_corduba	emp_baetica_corduba	Corduba	sho_generic_castle	4	settlement
settlement:emp_baetica_gades	emp_baetica_gades	Gades	sho_generic_castle	4	settlement
settlement:emp_baetica_toletum	emp_baetica_toletum	Toletum	sho_generic_castle	4	settlement
settlement:emp_belgica_nemecatum	emp_belgica_nemecatum	Nemecatum	sho_generic_castle	4	settlement
settlement:emp_belgica_treverorum	emp_belgica_treverorum	Treverorum	sho_generic_castle	4	settlement
settlement:emp_bithynia_et_pontus_amaseia	emp_bithynia_et_pontus_amaseia	Amaseia	sho_generic_castle	4	settlement
settlement:emp_bithynia_et_pontus_nicomedia	emp_bithynia_et_pontus_nicomedia	Nicomedia	sho_generic_castle	4	settlement
settlement:emp_bithynia_et_pontus_sinope	emp_bithynia_et_pontus_sinope	Sinope	sho_generic_castle	4	settlement
settlement:emp_bithynia_et_pontus_trapezos	emp_bithynia_et_pontus_trapezos	Trapezos	sho_generic_castle	4	settlement
settlement:emp_bosporus_panticapaeum	emp_bosporus_panticapaeum	Panticapaeum	sho_generic_castle	4	settlement
settlement:emp_bosporus_phanagoria	emp_bosporus_phanagoria	Phanagoria	sho_generic_castle	4	settlement
settlement:emp_bosporus_tanais	emp_bosporus_tanais	Tanais	sho_generic_castle	4	settlement
settlement:emp_britannia_camulodunum	emp_britannia_camulodunum	Camulodunum	sho_generic_castle	4	settlement
settlement:emp_britannia_iska	emp_britannia_iska	Isca	sho_generic_castle	4	settlement
settlement:emp_britannia_mordiunon	emp_britannia_mordiunon	Mordiunon	sho_generic_castle	4	settlement
settlement:emp_britannia_sleaford	emp_britannia_sleaford	Sleaford	sho_generic_castle	4	settlement
settlement:emp_carmania_bam	emp_carmania_bam	Bam	sho_generic_castle	4	settlement
settlement:emp_carmania_harmozia	emp_carmania_harmozia	Harmozia	sho_generic_castle	4	settlement
settlement:emp_caucasia_gabata	emp_caucasia_gabata	Gabata	sho_generic_castle	4	settlement
settlement:emp_caucasia_mtskheta	emp_caucasia_mtskheta	Mtskheta	sho_generic_castle	4	settlement
settlement:emp_caucasia_phasis	emp_caucasia_phasis	Phasis	sho_generic_castle	4	settlement
settlement:emp_chorasmia_akhur	emp_chorasmia_akhur	Akhur	sho_generic_castle	4	settlement
settlement:emp_chorasmia_aktau	emp_chorasmia_aktau	Aktau	sho_generic_castle	4	settlement
settlement:emp_cisalpina_genua	emp_cisalpina_genua	Genua	sho_generic_castle	4	settlement
settlement:emp_cisalpina_mediolanium	emp_cisalpina_mediolanium	Mediolanum	sho_generic_castle	4	settlement
settlement:emp_cisalpina_patavium	emp_cisalpina_patavium	Patavium	sho_generic_castle	4	settlement
settlement:emp_corsica_et_sardinia_aleria	emp_corsica_et_sardinia_aleria	Aleria	sho_generic_castle	4	settlement
settlement:emp_corsica_et_sardinia_caralis	emp_corsica_et_sardinia_caralis	Caralis	sho_generic_castle	4	settlement
settlement:emp_dacia_pelendava	emp_dacia_pelendava	Pelendava	sho_generic_castle	4	settlement
settlement:emp_dacia_petrodava	emp_dacia_petrodava	Petrodava	sho_generic_castle	4	settlement
settlement:emp_dacia_piscul	emp_dacia_piscul	Piscul	sho_generic_castle	4	settlement
settlement:emp_dacia_zarmizegetusa	emp_dacia_zarmizegetusa	Zarmizegetusa	sho_generic_castle	4	settlement
settlement:emp_galatia_et_cappadocia_ancyra	emp_galatia_et_cappadocia_ancyra	Ancyra	sho_generic_castle	4	settlement
settlement:emp_galatia_et_cappadocia_iconium	emp_galatia_et_cappadocia_iconium	Iconium	sho_generic_castle	4	settlement
settlement:emp_galatia_et_cappadocia_mazaca	emp_galatia_et_cappadocia_mazaca	Mazaca	sho_generic_castle	4	settlement
settlement:emp_galatia_et_cappadocia_side	emp_galatia_et_cappadocia_side	Side	sho_generic_castle	4	settlement
settlement:emp_gallia_bibracte	emp_gallia_bibracte	Bibracte	sho_generic_castle	4	settlement
settlement:emp_gallia_cenabum	emp_gallia_cenabum	Cenabum	sho_generic_castle	4	settlement
settlement:emp_gallia_darioritum	emp_gallia_darioritum	Darioritum	sho_generic_castle	4	settlement
settlement:emp_gallia_iuliobana	emp_gallia_iuliobana	Iuliobana	sho_generic_castle	4	settlement
settlement:emp_gedrosia_oraea	emp_gedrosia_oraea	Oraea	sho_generic_castle	4	settlement
settlement:emp_gedrosia_phrada	emp_gedrosia_phrada	Phrada	sho_generic_castle	4	settlement
settlement:emp_gedrosia_pura	emp_gedrosia_pura	Pura	sho_generic_castle	4	settlement
settlement:emp_germania_minor_bavay	emp_germania_minor_bavay	Bavay	sho_generic_castle	4	settlement
settlement:emp_germania_minor_vesonto	emp_germania_minor_vesonto	Vesonto	sho_generic_castle	4	settlement
settlement:emp_hercynia_bergium	emp_hercynia_bergium	Bergium	sho_generic_castle	4	settlement
settlement:emp_hercynia_budorgis	emp_hercynia_budorgis	Budorgis	sho_generic_castle	4	settlement
settlement:emp_hercynia_istros	emp_hercynia_istros	Istros	sho_generic_castle	4	settlement
settlement:emp_hispania_ibossim	emp_hispania_ibossim	Ibossim	sho_generic_castle	4	settlement
settlement:emp_hispania_nova_carthago	emp_hispania_nova_carthago	Nova Carthago	sho_generic_castle	4	settlement
settlement:emp_hispania_numantia	emp_hispania_numantia	Numantia	sho_generic_castle	4	settlement
settlement:emp_hispania_saguntum	emp_hispania_saguntum	Saguntum	sho_generic_castle	4	settlement
settlement:emp_illyricum_dyrrachium	emp_illyricum_dyrrachium	Dyrrachium	sho_generic_castle	4	settlement
settlement:emp_illyricum_narona	emp_illyricum_narona	Narona	sho_generic_castle	4	settlement
settlement:emp_illyricum_salona	emp_illyricum_salona	Salona	sho_generic_castle	4	settlement
settlement:emp_italia_beneventum	emp_italia_beneventum	Beneventum	sho_generic_castle	4	settlement
settlement:emp_italia_brundisium	emp_italia_brundisium	Brundisium	sho_generic_castle	4	settlement
settlement:emp_italia_cosentia	emp_italia_cosentia	Cosentia	sho_generic_castle	4	settlement
settlement:emp_judea_jerusalem	emp_judea_jerusalem	Jerusalem	sho_generic_castle	4	settlement
settlement:emp_judea_salamis	emp_judea_salamis	Salamis	sho_generic_castle	4	settlement
settlement:emp_judea_tyros	emp_judea_tyros	Tyros	sho_generic_castle	4	settlement
settlement:emp_latium_ariminium	emp_latium_ariminium	Ariminium	sho_generic_castle	4	settlement
settlement:emp_latium_arretium	emp_latium_arretium	Arretium	sho_generic_castle	4	settlement
settlement:emp_latium_asculum	emp_latium_asculum	Asculum	sho_generic_castle	4	settlement
settlement:emp_latium_roma	emp_latium_roma	Roma	sho_generic_castle	4	settlement
settlement:emp_libya_ammonium	emp_libya_ammonium	Ammonium	sho_generic_castle	4	settlement
settlement:emp_libya_augila	emp_libya_augila	Augila	sho_generic_castle	4	settlement
settlement:emp_libya_cyrene	emp_libya_cyrene	Cyrene	sho_generic_castle	4	settlement
settlement:emp_libya_paraitonion	emp_libya_paraitonion	Paraitonion	sho_generic_castle	4	settlement
settlement:emp_lugii_arsenium	emp_lugii_arsenium	Arsenium	sho_generic_castle	4	settlement
settlement:emp_lugii_carrodunum	emp_lugii_carrodunum	Carrodunum	sho_generic_castle	4	settlement
settlement:emp_lugii_grinev	emp_lugii_grinev	Grinev	sho_generic_castle	4	settlement
settlement:emp_lugii_oblin	emp_lugii_oblin	Oblin	sho_generic_castle	4	settlement
settlement:emp_lusitania_ebora	emp_lusitania_ebora	Ebora	sho_generic_castle	4	settlement
settlement:emp_lusitania_olisipo	emp_lusitania_olisipo	Olisipo	sho_generic_castle	4	settlement
settlement:emp_macedonia_apollonia	emp_macedonia_apollonia	Apollonia	sho_generic_castle	4	settlement
settlement:emp_macedonia_pharsalus	emp_macedonia_pharsalus	Pharsalus	sho_generic_castle	4	settlement
settlement:emp_macedonia_thessalonica	emp_macedonia_thessalonica	Thessalonica	sho_generic_castle	4	settlement
settlement:emp_magna_germania_flevium	emp_magna_germania_flevium	Flevium	sho_generic_castle	4	settlement
settlement:emp_magna_germania_treva	emp_magna_germania_treva	Treva	sho_generic_castle	4	settlement
settlement:emp_magna_germania_tulifurdum	emp_magna_germania_tulifurdum	Tulifurdum	sho_generic_castle	4	settlement
settlement:emp_mauretania_rutubis	emp_mauretania_rutubis	Rutubis	sho_generic_castle	4	settlement
settlement:emp_mauretania_siga	emp_mauretania_siga	Siga	sho_generic_castle	4	settlement
settlement:emp_mauretania_tingis	emp_mauretania_tingis	Tingis	sho_generic_castle	4	settlement
settlement:emp_media_magna_arsakia	emp_media_magna_arsakia	Arsakia	sho_generic_castle	4	settlement
settlement:emp_media_magna_ekbatana	emp_media_magna_ekbatana	Ekbatana	sho_generic_castle	4	settlement
settlement:emp_media_magna_gazaca	emp_media_magna_gazaca	Gazaca	sho_generic_castle	4	settlement
settlement:emp_media_magna_phraaspa	emp_media_magna_phraaspa	Phraaspa	sho_generic_castle	4	settlement
settlement:emp_mesopotamia_charax	emp_mesopotamia_charax	Charax	sho_generic_castle	4	settlement
settlement:emp_mesopotamia_ctesiphon	emp_mesopotamia_ctesiphon	Ctesiphon	sho_generic_castle	4	settlement
settlement:emp_mesopotamia_edessa	emp_mesopotamia_edessa	Edessa	sho_generic_castle	4	settlement
settlement:emp_mesopotamia_hatra	emp_mesopotamia_hatra	Hatra	sho_generic_castle	4	settlement
settlement:emp_nabataea_charmuthas	emp_nabataea_charmuthas	Charmuthas	sho_generic_castle	4	settlement
settlement:emp_nabataea_hegra	emp_nabataea_hegra	Hegra	sho_generic_castle	4	settlement
settlement:emp_nabataea_petra	emp_nabataea_petra	Petra	sho_generic_castle	4	settlement
settlement:emp_narbonensis_massilia	emp_narbonensis_massilia	Massilia	sho_generic_castle	4	settlement
settlement:emp_narbonensis_narbo	emp_narbonensis_narbo	Narbo	sho_generic_castle	4	settlement
settlement:emp_narbonensis_tolosa	emp_narbonensis_tolosa	Tolosa	sho_generic_castle	4	settlement
settlement:emp_numidia_capsa	emp_numidia_capsa	Capsa	sho_generic_castle	4	settlement
settlement:emp_numidia_cirta	emp_numidia_cirta	Cirta	sho_generic_castle	4	settlement
settlement:emp_numidia_dimmidi	emp_numidia_dimmidi	Dimmidi	sho_generic_castle	4	settlement
settlement:emp_numidia_iol	emp_numidia_iol	Iol	sho_generic_castle	4	settlement
settlement:emp_palmyra_dura	emp_palmyra_dura	Dura	sho_generic_castle	4	settlement
settlement:emp_palmyra_palmyra	emp_palmyra_palmyra	Palmyra	sho_generic_castle	4	settlement
settlement:emp_pannonia_aquincum	emp_pannonia_aquincum	Aquincum	sho_generic_castle	4	settlement
settlement:emp_pannonia_segestica	emp_pannonia_segestica	Segestica	sho_generic_castle	4	settlement
settlement:emp_pannonia_singidun	emp_pannonia_singidun	Singidun	sho_generic_castle	4	settlement
settlement:emp_parthia_hekatompylos	emp_parthia_hekatompylos	Hekatompylos	sho_generic_castle	4	settlement
settlement:emp_parthia_nisa	emp_parthia_nisa	Nisa	sho_generic_castle	4	settlement
settlement:emp_parthia_susia	emp_parthia_susia	Susia	sho_generic_castle	4	settlement
settlement:emp_parthia_zadrakata	emp_parthia_zadrakata	Zadrakata	sho_generic_castle	4	settlement
settlement:emp_persis_gor	emp_persis_gor	Gor	sho_generic_castle	4	settlement
settlement:emp_persis_persepolis	emp_persis_persepolis	Persepolis	sho_generic_castle	4	settlement
settlement:emp_persis_susa	emp_persis_susa	Susa	sho_generic_castle	4	settlement
settlement:emp_phazania_cydamus	emp_phazania_cydamus	Cydamus	sho_generic_castle	4	settlement
settlement:emp_phazania_garama	emp_phazania_garama	Garama	sho_generic_castle	4	settlement
settlement:emp_pretanic_isles_eilodon	emp_pretanic_isles_eilodon	Eilodon	sho_generic_castle	4	settlement
settlement:emp_pretanic_isles_elbana	emp_pretanic_isles_elbana	Elbana	sho_generic_castle	4	settlement
settlement:emp_pretanic_isles_stanwick	emp_pretanic_isles_stanwick	Stanwick	sho_generic_castle	4	settlement
settlement:emp_raetia_et_noricum_kelheim	emp_raetia_et_noricum_kelheim	Kelheim	sho_generic_castle	4	settlement
settlement:emp_raetia_et_noricum_koria	emp_raetia_et_noricum_koria	Koria	sho_generic_castle	4	settlement
settlement:emp_raetia_et_noricum_noreia	emp_raetia_et_noricum_noreia	Noreia	sho_generic_castle	4	settlement
settlement:emp_raetia_et_noricum_octoduris	emp_raetia_et_noricum_octoduris	Octoduris	sho_generic_castle	4	settlement
settlement:emp_sarmatia_melgunov	emp_sarmatia_melgunov	Melgunov	sho_generic_castle	4	settlement
settlement:emp_sarmatia_olbia	emp_sarmatia_olbia	Olbia	sho_generic_castle	4	settlement
settlement:emp_sarmatia_solokha	emp_sarmatia_solokha	Solokha	sho_generic_castle	4	settlement
settlement:emp_scythia_gelonus	emp_scythia_gelonus	Gelonus	sho_generic_castle	4	settlement
settlement:emp_scythia_samandar	emp_scythia_samandar	Samandar	sho_generic_castle	4	settlement
settlement:emp_scythia_sarai	emp_scythia_sarai	Sarai	sho_generic_castle	4	settlement
settlement:emp_scythia_siracena	emp_scythia_siracena	Siracena	sho_generic_castle	4	settlement
settlement:emp_sicily_agrigentum	emp_sicily_agrigentum	Agrigentum	sho_generic_castle	4	settlement
settlement:emp_sicily_panormus	emp_sicily_panormus	Panormus	sho_generic_castle	4	settlement
settlement:emp_sicily_syracuse	emp_sicily_syracuse	Syracuse	sho_generic_castle	4	settlement
settlement:emp_suebia_calancorum	emp_suebia_calancorum	Calancorum	sho_generic_castle	4	settlement
settlement:emp_suebia_pelplin	emp_suebia_pelplin	Pelplin	sho_generic_castle	4	settlement
settlement:emp_suebia_setidava	emp_suebia_setidava	Setidava	sho_generic_castle	4	settlement
settlement:emp_suebia_virunium	emp_suebia_virunium	Virunium	sho_generic_castle	4	settlement
settlement:emp_syria_antioch	emp_syria_antioch	Antioch	sho_generic_castle	4	settlement
settlement:emp_syria_samosata	emp_syria_samosata	Samosata	sho_generic_castle	4	settlement
settlement:emp_syria_tarsus	emp_syria_tarsus	Tarsus	sho_generic_castle	4	settlement
settlement:emp_syria_thapsacus	emp_syria_thapsacus	Thapsacus	sho_generic_castle	4	settlement
settlement:emp_tarraconensis_aracillum	emp_tarraconensis_aracillum	Aracillum	sho_generic_castle	4	settlement
settlement:emp_tarraconensis_brigantium	emp_tarraconensis_brigantium	Brigantium	sho_generic_castle	4	settlement
settlement:emp_tarraconensis_tarraco	emp_tarraconensis_tarraco	Tarraco	sho_generic_castle	4	settlement
settlement:emp_thracia_antheia	emp_thracia_antheia	Antheia	sho_generic_castle	4	settlement
settlement:emp_thracia_naissos	emp_thracia_naissos	Naissos	sho_generic_castle	4	settlement
settlement:emp_thracia_odessos	emp_thracia_odessos	Odessos	sho_generic_castle	4	settlement
settlement:emp_thracia_pulpudeva	emp_thracia_pulpudeva	Pulpudeva	sho_generic_castle	4	settlement
settlement:emp_transoxania_bukhara	emp_transoxania_bukhara	Bukhara	sho_generic_castle	4	settlement
settlement:emp_transoxania_maracanda	emp_transoxania_maracanda	Maracanda	sho_generic_castle	4	settlement
settlement:gaul_aquitania_aquae_tarbellicae	gaul_aquitania_aquae_tarbellicae	Aquae Tarbellicae	sho_generic_castle	4	settlement
settlement:gaul_aquitania_burdigala	gaul_aquitania_burdigala	Burdigala	sho_generic_castle	4	settlement
settlement:gaul_aquitania_elimberris	gaul_aquitania_elimberris	Elimberris	sho_generic_castle	4	settlement
settlement:gaul_aquitania_sotium	gaul_aquitania_sotium	Sotium	sho_generic_castle	4	settlement
settlement:gaul_arduenna_silva_divoduron	gaul_arduenna_silva_divoduron	Silva Divoduron	sho_generic_castle	4	settlement
settlement:gaul_arduenna_silva_durocorteron	gaul_arduenna_silva_durocorteron	Silva Durocorteron	sho_generic_castle	4	settlement
settlement:gaul_arduenna_silva_noviodunon	gaul_arduenna_silva_noviodunon	Silva Noviodunon	sho_generic_castle	4	settlement
settlement:gaul_arduenna_silva_treverorum	gaul_arduenna_silva_treverorum	Silva Treverorum	sho_generic_castle	4	settlement
settlement:gaul_aremorica_condate	gaul_aremorica_condate	Condate	sho_generic_castle	4	settlement
settlement:gaul_aremorica_darioritum	gaul_aremorica_darioritum	Darioritum	sho_generic_castle	4	settlement
settlement:gaul_aremorica_namnetum	gaul_aremorica_namnetum	Namnetum	sho_generic_castle	4	settlement
settlement:gaul_aremorica_vorgion	gaul_aremorica_vorgion	Vorgion	sho_generic_castle	4	settlement
settlement:gaul_britannia_durovernon	gaul_britannia_durovernon	Durovernon	sho_generic_castle	4	settlement
settlement:gaul_britannia_iska	gaul_britannia_iska	Iska	sho_generic_castle	4	settlement
settlement:gaul_britannia_venta_belgarum	gaul_britannia_venta_belgarum	Venta Belgarum	sho_generic_castle	4	settlement
settlement:gaul_gergovia_avaricon	gaul_gergovia_avaricon	Avaricon	sho_generic_castle	4	settlement
settlement:gaul_gergovia_durotincon	gaul_gergovia_durotincon	Durotincon	sho_generic_castle	4	settlement
settlement:gaul_gergovia_nemossos	gaul_gergovia_nemossos	Nemossos	sho_generic_castle	4	settlement
settlement:gaul_germania_inferior_atuatuca	gaul_germania_inferior_atuatuca	Atuatuca	sho_generic_castle	4	settlement
settlement:gaul_germania_inferior_bagacum	gaul_germania_inferior_bagacum	Bagacum	sho_generic_castle	4	settlement
settlement:gaul_helvetia_octoduron	gaul_helvetia_octoduron	Octoduron	sho_generic_castle	4	settlement
settlement:gaul_helvetia_turicum	gaul_helvetia_turicum	Turicum	sho_generic_castle	4	settlement
settlement:gaul_insubria_medhlan	gaul_insubria_medhlan	Medhlan	sho_generic_castle	4	settlement
settlement:gaul_insubria_vercelum	gaul_insubria_vercelum	Vercelum	sho_generic_castle	4	settlement
settlement:gaul_liguria_genua	gaul_liguria_genua	Genua	sho_generic_castle	4	settlement
settlement:gaul_liguria_pollentia	gaul_liguria_pollentia	Pollentia	sho_generic_castle	4	settlement
settlement:gaul_lugdunensis_bibracte	gaul_lugdunensis_bibracte	Bibracte	sho_generic_castle	4	settlement
settlement:gaul_lugdunensis_vienna	gaul_lugdunensis_vienna	Vienna	sho_generic_castle	4	settlement
settlement:gaul_lutetia_cenabum	gaul_lutetia_cenabum	Cenabum	sho_generic_castle	4	settlement
settlement:gaul_lutetia_crociatonum	gaul_lutetia_crociatonum	Crociatonum	sho_generic_castle	4	settlement
settlement:gaul_lutetia_lexovion	gaul_lutetia_lexovion	Lexovion	sho_generic_castle	4	settlement
settlement:gaul_lutetia_suindinum	gaul_lutetia_suindinum	Suindinum	sho_generic_castle	4	settlement
settlement:gaul_maxima_sequanorum_rauricon	gaul_maxima_sequanorum_rauricon	Rauricon	sho_generic_castle	4	settlement
settlement:gaul_maxima_sequanorum_vesontio	gaul_maxima_sequanorum_vesontio	Vesontio	sho_generic_castle	4	settlement
settlement:gaul_narbonensis_divona	gaul_narbonensis_divona	Divona	sho_generic_castle	4	settlement
settlement:gaul_narbonensis_narbo_martius	gaul_narbonensis_narbo_martius	Narbo Martius	sho_generic_castle	4	settlement
settlement:gaul_narbonensis_segodunum	gaul_narbonensis_segodunum	Segodunum	sho_generic_castle	4	settlement
settlement:gaul_narbonensis_tolosa	gaul_narbonensis_tolosa	Tolosa	sho_generic_castle	4	settlement
settlement:gaul_pictavis_ambatia	gaul_pictavis_ambatia	Ambatia	sho_generic_castle	4	settlement
settlement:gaul_pictavis_lemonum	gaul_pictavis_lemonum	Lemonum	sho_generic_castle	4	settlement
settlement:gaul_pictavis_mediolanum_santonum	gaul_pictavis_mediolanum_santonum	Mediolanum Santonum	sho_generic_castle	4	settlement
settlement:gaul_senonia_agedineum	gaul_senonia_agedineum	Agedineum	sho_generic_castle	4	settlement
settlement:gaul_senonia_alesia	gaul_senonia_alesia	Alesia	sho_generic_castle	4	settlement
settlement:gaul_senonia_lutetia	gaul_senonia_lutetia	Lutetia	sho_generic_castle	4	settlement
settlement:gaul_silva_carbonaria_bratuspantion	gaul_silva_carbonaria_bratuspantion	Bratuspantion	sho_generic_castle	4	settlement
settlement:gaul_silva_carbonaria_gesoriacum	gaul_silva_carbonaria_gesoriacum	Gesoriacum	sho_generic_castle	4	settlement
settlement:gaul_silva_carbonaria_nemetocenna	gaul_silva_carbonaria_nemetocenna	Nemetocenna	sho_generic_castle	4	settlement
settlement:gaul_silva_nigra_argentorate	gaul_silva_nigra_argentorate	Argentorate	sho_generic_castle	4	settlement
settlement:gaul_silva_nigra_noviiomagos	gaul_silva_nigra_noviiomagos	Noviiomagos	sho_generic_castle	4	settlement
settlement:gaul_silva_nigra_uburzis	gaul_silva_nigra_uburzis	Uburzis	sho_generic_castle	4	settlement
settlement:gaul_transalpina_massalia	gaul_transalpina_massalia	Massalia	sho_generic_castle	4	settlement
settlement:gaul_transalpina_vasio	gaul_transalpina_vasio	Vasio	sho_generic_castle	4	settlement
settlement:inv_apulia_barium:barium	inv_apulia_barion	Barium	sho_generic_castle	4	settlement
settlement:inv_apulia_herdonia:herdonia	inv_apulia_herdonia	Herdonia	sho_generic_castle	4	settlement
settlement:inv_apulia_siponto:siponto	inv_apulia_siponto	Sipious	sho_generic_castle	4	settlement
settlement:inv_apulia_sylbion:sylbion	inv_apulia_sylbion	Sylbion	sho_generic_castle	4	settlement
settlement:inv_balaria_alghero:alghero	inv_balaria_alghero	Algarium	sho_generic_castle	4	settlement
settlement:inv_balaria_nurra:nurra	inv_balaria_nurra	Nùgoro	sho_generic_castle	4	settlement
settlement:inv_balaria_olbia:olbia	inv_balaria_olbia	Terranòa	sho_generic_castle	4	settlement
settlement:inv_balaria_sassari:sassari	inv_balaria_sassari	Thathari	sho_generic_castle	4	settlement
settlement:inv_bruttium_consentia:consentia	inv_bruttium_consentia	Consentia	sho_generic_castle	4	settlement
settlement:inv_bruttium_croton:croton	inv_bruttium_croton	Croton	sho_generic_castle	4	settlement
settlement:inv_bruttium_terina:terina	inv_bruttium_terina	Terina	sho_generic_castle	4	settlement
settlement:inv_bruttium_thurii:thurii	inv_bruttium_thurii	Thurii	sho_generic_castle	4	settlement
settlement:inv_calabria_brundisium:brundisium	inv_calabria_brentesion	Brundisium	sho_generic_castle	4	settlement
settlement:inv_calabria_hydrus:hydrus	inv_calabria_hydrus	Hydros	sho_generic_castle	4	settlement
settlement:inv_calabria_manduria:manduria	inv_calabria_manduria	Manduria	sho_generic_castle	4	settlement
settlement:inv_calabria_taranto:taranto	inv_calabria_taranto	Taras	sho_generic_castle	4	settlement
settlement:inv_campania_capua:capua	inv_campania_capua	Capua	sho_generic_castle	4	settlement
settlement:inv_campania_irna:irna	inv_campania_poseidonia	Irna	sho_generic_castle	4	settlement
settlement:inv_campania_neapolis:neapolis	inv_campania_neapolis	Neapolis	sho_generic_castle	4	settlement
settlement:inv_campania_pithecusae:pithecusae	inv_campania_pithecusae	Pithekousai	sho_generic_castle	4	settlement
settlement:inv_carthago_carthago:carthago	inv_carthago_carthago	Carthago	sho_generic_castle	4	settlement
settlement:inv_carthago_kerkouane:kerkouane	inv_carthago_kerkouane	Kerkouane	sho_generic_castle	4	settlement
settlement:inv_carthago_utica:utica	inv_carthago_utica	Utica	sho_generic_castle	4	settlement
settlement:inv_corsica_aethalia:aethalia	inv_corsica_aethalia	Aethalia	sho_generic_castle	4	settlement
settlement:inv_corsica_aleria:aleria	inv_corsica_aleria	Aleria	sho_generic_castle	4	settlement
settlement:inv_corsica_mantinorum:mantinorum	inv_corsica_mantinorum	Mantinon	sho_generic_castle	4	settlement
settlement:inv_corsica_pallas:pallas	inv_corsica_pallas	Pallas	sho_generic_castle	4	settlement
settlement:inv_elymia_agrigento:agrigento	inv_elymia_agrigento	Akragas	sho_generic_castle	4	settlement
settlement:inv_elymia_entella:entella	inv_elymia_entella	Entella	sho_generic_castle	4	settlement
settlement:inv_elymia_motya:motya	inv_elymia_motya	Motya	sho_generic_castle	4	settlement
settlement:inv_elymia_panormus:panormus	inv_elymia_panormus	Panormos	sho_generic_castle	4	settlement
settlement:inv_etruria_luna:luna	inv_etruria_luna	Luna	sho_generic_castle	4	settlement
settlement:inv_etruria_pisa:pisa	inv_etruria_pisa	Pisa	sho_generic_castle	4	settlement
settlement:inv_etruria_sarsina:sarsina	inv_etruria_sarsina	Sarsina	sho_generic_castle	4	settlement
settlement:inv_etruria_viesul:viesul	inv_etruria_viesul	Viesul	sho_generic_castle	4	settlement
settlement:inv_frentania_aesernia:aesernia	inv_frentania_aesernia	Aesernia	sho_generic_castle	4	settlement
settlement:inv_frentania_histonium:histonium	inv_frentania_histonium	Histonium	sho_generic_castle	4	settlement
settlement:inv_frentania_teate:teate	inv_frentania_teate	Teate	sho_generic_castle	4	settlement
settlement:inv_gallia_cispadana_felsina:felsina	inv_gallia_cispadana_felsina	Felsina	sho_generic_castle	4	settlement
settlement:inv_gallia_cispadana_mantua:mantua	inv_gallia_cispadana_parma	Parmni	sho_generic_castle	4	settlement
settlement:inv_gallia_cispadana_placentia:placentia	inv_gallia_cispadana_placentia	Placentia	sho_generic_castle	4	settlement
settlement:inv_gallia_cispadana_ravenna:ravenna	inv_gallia_cispadana_ravenna	Ravenna	sho_generic_castle	4	settlement
settlement:inv_gallia_transpadana_brixia:brixia	inv_gallia_transpadana_brixia	Brixia	sho_generic_castle	4	settlement
settlement:inv_gallia_transpadana_eporedia:eporedia	inv_gallia_transpadana_eporedia	Eporedia	sho_generic_castle	4	settlement
settlement:inv_gallia_transpadana_mediolanum:mediolanum	inv_gallia_transpadana_mediolanum	Mediolanon	sho_generic_castle	4	settlement
settlement:inv_gallia_transpadana_ticinum:ticinum	inv_gallia_transpadana_vercelum	Ticinum	sho_generic_castle	4	settlement
settlement:inv_ioleia_bosa:bosa	inv_ioleia_bosa	Cornus	sho_generic_castle	4	settlement
settlement:inv_ioleia_caralis:caralis	inv_ioleia_caralis	Karalis	sho_generic_castle	4	settlement
settlement:inv_ioleia_su_nuraxi:sunuraxi	inv_ioleia_su_nuraxi	Nuraxi	sho_generic_castle	4	settlement
settlement:inv_ioleia_sulcis:olbia	inv_ioleia_sulci	Olbia	sho_generic_castle	4	settlement
settlement:inv_italia_hipponion:hipponion	inv_italia_hipponion	Hipponion	sho_generic_castle	4	settlement
settlement:inv_italia_locri:locri	inv_italia_locri	Locri	sho_generic_castle	4	settlement
settlement:inv_italia_rhegion:rhegion	inv_italia_rhegion	Rhegion	sho_generic_castle	4	settlement
settlement:inv_italia_skyllition:skyllition	inv_italia_skyllition	Skyllition	sho_generic_castle	4	settlement
settlement:inv_latium_anagni:anagni	inv_latium_anagni	Anagni	sho_generic_castle	4	settlement
settlement:inv_latium_antium:antium	inv_latium_antium	Antium	sho_generic_castle	4	settlement
settlement:inv_latium_casinum:casinum	inv_latium_casinum	Casinum	sho_generic_castle	4	settlement
settlement:inv_latium_praeneste:praeneste	inv_latium_fregellae	Praeneste	sho_generic_castle	4	settlement
settlement:inv_lepontii_clavenna:clavenna	inv_lepontii_clavenna	Clavenna	sho_generic_castle	4	settlement
settlement:inv_lepontii_comum:comum	inv_lepontii_comum	Comum	sho_generic_castle	4	settlement
settlement:inv_lepontii_oscela:oscela	inv_lepontii_oscela	Oscela	sho_generic_castle	4	settlement
settlement:inv_liguria_asta:asta	inv_liguria_asta	Asta	sho_generic_castle	4	settlement
settlement:inv_liguria_retovium:retovium	inv_liguria_retovium	Retovium	sho_generic_castle	4	settlement
settlement:inv_liguria_savona:savona	inv_liguria_albingaunum	Savona	sho_generic_castle	4	settlement
settlement:inv_liguria_stalia:stalia	inv_liguria_stalia	Stalia	sho_generic_castle	4	settlement
settlement:inv_lucania_aceruntia:aceruntia	inv_lucania_aceruntia	Aceruntia	sho_generic_castle	4	settlement
settlement:inv_lucania_buxentum:buxentum	inv_lucania_elea	Buxentum	sho_generic_castle	4	settlement
settlement:inv_lucania_herakleia:herakleia	inv_lucania_herakleia	Herakleia	sho_generic_castle	4	settlement
settlement:inv_lucania_potentia:potentia	inv_lucania_potentia	Potentia	sho_generic_castle	4	settlement
settlement:inv_picenum_ausculum:ausculum	inv_picenum_ausculum	Ausculum	sho_generic_castle	4	settlement
settlement:inv_picenum_firmum:firmum	inv_picenum_firmum	Firmum	sho_generic_castle	4	settlement
settlement:inv_picenum_hadria:hadria	inv_picenum_hadria	Hadria	sho_generic_castle	4	settlement
settlement:inv_raetia_bergamum:bergamum	inv_raetia_bergamum	Bergamum	sho_generic_castle	4	settlement
settlement:inv_raetia_feltria:feltria	inv_raetia_feltria	Feltria	sho_generic_castle	4	settlement
settlement:inv_raetia_sebatum:sebatum	inv_raetia_sebatum	Sebatum	sho_generic_castle	4	settlement
settlement:inv_raetia_tridentum:tridentum	inv_raetia_tridentum	Tridentum	sho_generic_castle	4	settlement
settlement:inv_roma_ostia:ostia	inv_roma_ostia	Ostia	sho_generic_castle	4	settlement
settlement:inv_roma_roma:roma	inv_roma_roma	Roma	sho_generic_castle	4	settlement
settlement:inv_sabinium_alba_fucens:albafucens	inv_sabinium_alba_fucens	Alba Fucens	sho_generic_castle	4	settlement
settlement:inv_sabinium_cures:cures	inv_sabinium_cures	Cures	sho_generic_castle	4	settlement
settlement:inv_sabinium_nursia:nursia	inv_sabinium_nursia	Nursia	sho_generic_castle	4	settlement
settlement:inv_sabinium_reate:reate	inv_sabinium_reate	Reate	sho_generic_castle	4	settlement
settlement:inv_samnium_bovianum:bovianum	inv_samnium_bovianum	Bovianum	sho_generic_castle	4	settlement
settlement:inv_samnium_compsa:compsa	inv_samnium_compsa	Compsa	sho_generic_castle	4	settlement
settlement:inv_samnium_corfinium:corfinium	inv_samnium_corfinium	Corfinium	sho_generic_castle	4	settlement
settlement:inv_samnium_terventum:terventum	inv_samnium_terventum	Terventum	sho_generic_castle	4	settlement
settlement:inv_senonia_ariminum:ariminum	inv_senonia_ariminum	Ariminum	sho_generic_castle	4	settlement
settlement:inv_senonia_caesena:caesena	inv_senonia_caesena	Caesena	sho_generic_castle	4	settlement
settlement:inv_senonia_sena:sena	inv_senonia_sena	Sena	sho_generic_castle	4	settlement
settlement:inv_sicania_agyrion:agyrion	inv_sicania_agyrion	Agyrion	sho_generic_castle	4	settlement
settlement:inv_sicania_catana:catana	inv_sicania_catana	Katane	sho_generic_castle	4	settlement
settlement:inv_sicania_cephaloidis:cephalioidis	inv_sicania_cephaloidis	Kephaloidion	sho_generic_castle	4	settlement
settlement:inv_sicania_messene:messene	inv_sicania_messene	Messini	sho_generic_castle	4	settlement
settlement:inv_siculia_gela:gela	inv_sikelia_gela	Gela	sho_generic_castle	4	settlement
settlement:inv_siculia_leontini:leontini	inv_sikelia_leontini	Leontini	sho_generic_castle	4	settlement
settlement:inv_siculia_syracuse:syracuse	inv_sikelia_syracuse	Syrakousai	sho_generic_castle	4	settlement
settlement:inv_sikelia_hybla_heraea:hyblaheraea	inv_sikelia_hybla_heraea	Hybla Heraea	sho_generic_castle	4	settlement
settlement:inv_tarchuna_fufluna:fufluna	inv_tarchuna_fufluna	Fufluna	sho_generic_castle	4	settlement
settlement:inv_tarchuna_tarchuna:tarchuna	inv_tarchuna_tarchuna	Tarchuna	sho_generic_castle	4	settlement
settlement:inv_tarchuna_vatluna:vatluna	inv_tarchuna_vatluna	Vatluna	sho_generic_castle	4	settlement
settlement:inv_tarchuna_velusna:velusna	inv_tarchuna_velusna	Velusna	sho_generic_castle	4	settlement
settlement:inv_tuscia_aritim:aritim	inv_tuscia_aritim	Aritim	sho_generic_castle	4	settlement
settlement:inv_tuscia_clevsin:clevsin	inv_tuscia_clevsin	Clevsin	sho_generic_castle	4	settlement
settlement:inv_tuscia_felathri:felathri	inv_tuscia_felathri	Felathri	sho_generic_castle	4	settlement
settlement:inv_tuscia_siena:siena	inv_tuscia_siena	Siena	sho_generic_castle	4	settlement
settlement:inv_umbria_iguvium:iguvium	inv_umbria_iguvium	Iguvium	sho_generic_castle	4	settlement
settlement:inv_umbria_nequinum:sestinum	inv_umbria_sestinum	Sestinum	sho_generic_castle	4	settlement
settlement:inv_umbria_perusia:perusia	inv_umbria_perusia	Perusia	sho_generic_castle	4	settlement
settlement:inv_umbria_spolettium:spolettium	inv_umbria_spolettium	Spolettium	sho_generic_castle	4	settlement
settlement:inv_vei_caere:caere	inv_vei_caere	Cisra	sho_generic_castle	4	settlement
settlement:inv_vei_vei:vei	inv_vei_vei	Veii	sho_generic_castle	4	settlement
settlement:inv_venetia_patavium:patavium	inv_venetia_patavium	Patavium	sho_generic_castle	4	settlement
settlement:inv_venetia_tarvisium:tarvisium	inv_venetia_tarvisium	Tarvisium	sho_generic_castle	4	settlement
settlement:inv_venetia_tegeste:tegeste	inv_venetia_tegeste	Tegeste	sho_generic_castle	4	settlement
settlement:inv_venetia_vedinum:vedinum	inv_venetia_vedinum	Vedinum	sho_generic_castle	4	settlement
settlement:pel_aigian_khios	pel_aigian_khios	Khios	sho_generic_castle	4	settlement
settlement:pel_aigian_mytilene	pel_aigian_mytilene	Mytilene	sho_generic_castle	4	settlement
settlement:pel_aigian_oinoi	pel_aigian_oinoi	Oinoi	sho_generic_castle	4	settlement
settlement:pel_aigian_samos	pel_aigian_samos	Samos	sho_generic_castle	4	settlement
settlement:pel_aitolia_naupaktos	pel_aitolia_naupaktos	Naupaktos	sho_generic_castle	4	settlement
settlement:pel_aitolia_thermon	pel_aitolia_thermon	Thermon	sho_generic_castle	4	settlement
settlement:pel_ambrakia_ambrakia	pel_ambrakia_ambrakia	Ambrakia	sho_generic_castle	4	settlement
settlement:pel_ambrakia_anaktorio	pel_ambrakia_anaktorio	Anaktorio	sho_generic_castle	4	settlement
settlement:pel_ambrakia_pronnoi	pel_ambrakia_pronnoi	Pronnoi	sho_generic_castle	4	settlement
settlement:pel_amphipolis_amphipolis	pel_amphipolis_amphipolis	Amphipolis	sho_generic_castle	4	settlement
settlement:pel_amphipolis_krinides	pel_amphipolis_krinides	Krinides	sho_generic_castle	4	settlement
settlement:pel_argolis_argos	pel_argolis_argos	Argos	sho_generic_castle	4	settlement
settlement:pel_argolis_korinthos	pel_argolis_korinthos	Korinthos	sho_generic_castle	4	settlement
settlement:pel_argolis_mantinea	pel_argolis_mantinea	Mantinea	sho_generic_castle	4	settlement
settlement:pel_argolis_melos	pel_argolis_melos	Melos	sho_generic_castle	4	settlement
settlement:pel_attike_athenai	pel_attike_athenai	Athenai	sho_generic_castle	4	settlement
settlement:pel_attike_laviro	pel_attike_laviro	Laurion	sho_generic_castle	4	settlement
settlement:pel_attike_naxos	pel_attike_naxos	Naxos 	sho_generic_castle	4	settlement
settlement:pel_attike_paros	pel_attike_paros	Paros	sho_generic_castle	4	settlement
settlement:pel_boiotia_delphi	pel_boiotia_delphi	Delphi	sho_generic_castle	4	settlement
settlement:pel_boiotia_lamia	pel_boiotia_lamia	Lamia	sho_generic_castle	4	settlement
settlement:pel_boiotia_opos	pel_boiotia_opos	Opos	sho_generic_castle	4	settlement
settlement:pel_boiotia_thebai	pel_boiotia_thebai	Thebai	sho_generic_castle	4	settlement
settlement:pel_dodekanisa_karpathos	pel_dodekanisa_karpathos	Karpathos	sho_generic_castle	4	settlement
settlement:pel_dodekanisa_kos	pel_dodekanisa_kos	Kos	sho_generic_castle	4	settlement
settlement:pel_dodekanisa_lindos	pel_dodekanisa_lindos	Lindos	sho_generic_castle	4	settlement
settlement:pel_dodekanisa_rodos	pel_dodekanisa_rodos	Rodos	sho_generic_castle	4	settlement
settlement:pel_elis_elis	pel_elis_elis	Elis	sho_generic_castle	4	settlement
settlement:pel_elis_olympia	pel_elis_olympia	Olympia	sho_generic_castle	4	settlement
settlement:pel_elis_patrai	pel_elis_patrai	Patrai	sho_generic_castle	4	settlement
settlement:pel_elis_zakynthos	pel_elis_zakynthos	Zakynthos	sho_generic_castle	4	settlement
settlement:pel_epeiros_antigonia	pel_epeiros_antigonia	Antigonia	sho_generic_castle	4	settlement
settlement:pel_epeiros_dodona	pel_epeiros_dodona	Dodona	sho_generic_castle	4	settlement
settlement:pel_epeiros_elaea	pel_epeiros_elaea	Elaea	sho_generic_castle	4	settlement
settlement:pel_epeiros_korkyra	pel_epeiros_korkyra	Korkyra	sho_generic_castle	4	settlement
settlement:pel_euboia_andros	pel_euboia_andros	Andros	sho_generic_castle	4	settlement
settlement:pel_euboia_kalkis	pel_euboia_kalkis	Kalkis	sho_generic_castle	4	settlement
settlement:pel_euboia_karystos	pel_euboia_karystos	Karystos	sho_generic_castle	4	settlement
settlement:pel_euboia_oreos	pel_euboia_oreos	Oreos 	sho_generic_castle	4	settlement
settlement:pel_hellespontos_byzantion	pel_hellespontos_byzantion	Byzantion	sho_generic_castle	4	settlement
settlement:pel_hellespontos_kypsela	pel_hellespontos_kypsela	Kypsela	sho_generic_castle	4	settlement
settlement:pel_hellespontos_perinthos	pel_hellespontos_perinthos	Perinthos	sho_generic_castle	4	settlement
settlement:pel_hellespontos_sestos	pel_hellespontos_sestos	Sestos	sho_generic_castle	4	settlement
settlement:pel_ionia_ephesos	pel_ionia_ephesos	Ephesos	sho_generic_castle	4	settlement
settlement:pel_ionia_halikarnassos	pel_ionia_halikarnassos	Halikarnassos	sho_generic_castle	4	settlement
settlement:pel_ionia_knidos	pel_ionia_knidos	Knidos	sho_generic_castle	4	settlement
settlement:pel_ionia_miletos	pel_ionia_miletos	Miletos	sho_generic_castle	4	settlement
settlement:pel_kalkidike_mende	pel_kalkidike_mende	Mende	sho_generic_castle	4	settlement
settlement:pel_kalkidike_olinthos	pel_kalkidike_olinthos	Olinthos	sho_generic_castle	4	settlement
settlement:pel_kalkidike_torone	pel_kalkidike_torone	Torone	sho_generic_castle	4	settlement
settlement:pel_karia_kibyra	pel_karia_kibyra	Kibyra	sho_generic_castle	4	settlement
settlement:pel_karia_kolossai	pel_karia_kolossai	Kolossai	sho_generic_castle	4	settlement
settlement:pel_karia_phaselis	pel_karia_phaselis	Phaselis	sho_generic_castle	4	settlement
settlement:pel_karia_xanthos	pel_karia_xanthos	Xanthos	sho_generic_castle	4	settlement
settlement:pel_krete_gortyna	pel_krete_gortyna	Gortyna	sho_generic_castle	4	settlement
settlement:pel_krete_knossos	pel_krete_knossos	Knossos	sho_generic_castle	4	settlement
settlement:pel_krete_kydonia	pel_krete_kydonia	Kydonia	sho_generic_castle	4	settlement
settlement:pel_lakedaimon_kythera	pel_lakedaimon_kythera	Kythera	sho_generic_castle	4	settlement
settlement:pel_lakedaimon_messenia	pel_lakedaimon_messenia	Messenia	sho_generic_castle	4	settlement
settlement:pel_lakedaimon_pylos	pel_lakedaimon_pylos	Pylos	sho_generic_castle	4	settlement
settlement:pel_lakedaimon_sparta	pel_lakedaimon_sparta	Sparta	sho_generic_castle	4	settlement
settlement:pel_lydia_sardeis	pel_lydia_sardeis	Sardeis	sho_generic_castle	4	settlement
settlement:pel_lydia_smyrna	pel_lydia_smyrna	Smyrna	sho_generic_castle	4	settlement
settlement:pel_makedon_aigai	pel_makedon_aigai	Aigai	sho_generic_castle	4	settlement
settlement:pel_makedon_argos_orestiko	pel_makedon_argos_orestiko	Argos Orestiko	sho_generic_castle	4	settlement
settlement:pel_makedon_arnisa	pel_makedon_arnisa	Arnisa	sho_generic_castle	4	settlement
settlement:pel_makedon_dion	pel_makedon_dion	Dion	sho_generic_castle	4	settlement
settlement:pel_mysia_ilion	pel_mysia_ilion	Ilion	sho_generic_castle	4	settlement
settlement:pel_mysia_kyzikos	pel_mysia_kyzikos	Kyzikos	sho_generic_castle	4	settlement
settlement:pel_mysia_myrina	pel_mysia_myrina	Myrina	sho_generic_castle	4	settlement
settlement:pel_mysia_pergamon	pel_mysia_pergamon	Pergamon	sho_generic_castle	4	settlement
settlement:pel_thessaly_larisa	pel_thessaly_larisa	Larisa	sho_generic_castle	4	settlement
settlement:pel_thessaly_pharsalos	pel_thessaly_pharsalos	Pharsalos	sho_generic_castle	4	settlement
settlement:pel_thessaly_pherae	pel_thessaly_pherae	Pherae	sho_generic_castle	4	settlement
settlement:pel_thraike_abdera	pel_thraike_abdera	Abdera	sho_generic_castle	4	settlement
settlement:pel_thraike_ainos	pel_thraike_ainos	Ainos	sho_generic_castle	4	settlement
settlement:pel_thraike_maroneia	pel_thraike_maroneia	Maroneia	sho_generic_castle	4	settlement
settlement:pel_thraike_thasos	pel_thraike_thasos	Thasos	sho_generic_castle	4	settlement
settlement:pro_campania_campania:capua	pro_campania_campania	Capua	sho_generic_castle	4	settlement
settlement:pro_campania_cilento:salernum	pro_campania_cilento	Salernum	sho_generic_castle	4	settlement
settlement:pro_latium_latium:roma	pro_latium_latium	Roma	sho_generic_castle	4	settlement
settlement:pro_latium_volsci:velitrae	pro_latium_volsci	Velitrae	sho_generic_castle	4	settlement
settlement:pro_magna_grecia_calabria:tarentum	pro_magna_grecia_calabria	Tarentum	sho_generic_castle	4	settlement
settlement:pro_magna_grecia_italia:croton	pro_magna_grecia_italia	Croton	sho_generic_castle	4	settlement
settlement:pro_magna_grecia_lucania:buxentum	pro_magna_grecia_lucania	Buxentum	sho_generic_castle	4	settlement
settlement:pro_samnium_apulia:lucera	pro_samnium_apulia	Lucera	sho_generic_castle	4	settlement
settlement:pro_samnium_irpinia:malventum	pro_samnium_irpinia	Malventum	sho_generic_castle	4	settlement
settlement:pro_samnium_pentria:bovianum	pro_samnium_pentria	Bovianum	sho_generic_castle	4	settlement
settlement:pro_samnium_umbria:aternum	pro_samnium_umbria	Aternum	sho_generic_castle	4	settlement
settlement:pun_africa_capsa	pun_africa_capsa	Capsa	sho_generic_castle	4	settlement
settlement:pun_africa_carthago	pun_africa_carthago	Carthago	sho_generic_castle	4	settlement
settlement:pun_africa_hadrumentum	pun_africa_hadrumentum	Hadrumentum	sho_generic_castle	4	settlement
settlement:pun_aquitania_burdigala	pun_aquitania_burdigala	Burdigala	sho_generic_castle	4	settlement
settlement:pun_aquitania_iruna	pun_aquitania_iruna	Iruna	sho_generic_castle	4	settlement
settlement:pun_celtiberia_libisosa	pun_celtiberia_libisosa	Libisosa	sho_generic_castle	4	settlement
settlement:pun_celtiberia_numantia	pun_celtiberia_numantia	Numantia	sho_generic_castle	4	settlement
settlement:pun_celtiberia_toletum	pun_celtiberia_toletum	Toletum	sho_generic_castle	4	settlement
settlement:pun_corsica_et_sardinia_alalia	pun_corsica_et_sardinia_alalia	Alalia	sho_generic_castle	4	settlement
settlement:pun_corsica_et_sardinia_karalis	pun_corsica_et_sardinia_karalis	Karalis	sho_generic_castle	4	settlement
settlement:pun_corsica_et_sardinia_olbia	pun_corsica_et_sardinia_olbia	Olbia	sho_generic_castle	4	settlement
settlement:pun_etruria_arretium	pun_etruria_arretium	Arretium	sho_generic_castle	4	settlement
settlement:pun_etruria_pisae	pun_etruria_pisae	Pisae	sho_generic_castle	4	settlement
settlement:pun_etruria_tarquinii	pun_etruria_tarquinii	Tarquinii	sho_generic_castle	4	settlement
settlement:pun_gallaecia_asturica	pun_gallaecia_asturica	Asturica	sho_generic_castle	4	settlement
settlement:pun_gallaecia_lugos	pun_gallaecia_lugos	Lugos	sho_generic_castle	4	settlement
settlement:pun_gallaecia_pallantia	pun_gallaecia_pallantia	Pallantia	sho_generic_castle	4	settlement
settlement:pun_gallaecia_portus_amanum	pun_gallaecia_portus_amanum	Portus Amanum	sho_generic_castle	4	settlement
settlement:pun_gallia_cisalpina_genua	pun_gallia_cisalpina_genua	Genua	sho_generic_castle	4	settlement
settlement:pun_gallia_cisalpina_patavium	pun_gallia_cisalpina_patavium	Patavium	sho_generic_castle	4	settlement
settlement:pun_gallia_cisalpina_placentia	pun_gallia_cisalpina_placentia	Placentia	sho_generic_castle	4	settlement
settlement:pun_gallia_cisalpina_vercellae	pun_gallia_cisalpina_vercellae	Vercellae	sho_generic_castle	4	settlement
settlement:pun_gallia_transalpina_lugdunum	pun_gallia_transalpina_lugdunum	Lugdunum	sho_generic_castle	4	settlement
settlement:pun_gallia_transalpina_massilia	pun_gallia_transalpina_massilia	Massilia	sho_generic_castle	4	settlement
settlement:pun_gallia_transalpina_nemausus	pun_gallia_transalpina_nemausus	Nemausus	sho_generic_castle	4	settlement
settlement:pun_gallia_transalpina_tolosa	pun_gallia_transalpina_tolosa	Tolosa	sho_generic_castle	4	settlement
settlement:pun_hispania_citerior_cissis	pun_hispania_citerior_cissis	Cissis	sho_generic_castle	4	settlement
settlement:pun_hispania_citerior_emporiae	pun_hispania_citerior_emporiae	Emporiae	sho_generic_castle	4	settlement
settlement:pun_hispania_citerior_ilerda	pun_hispania_citerior_ilerda	Ilerda	sho_generic_castle	4	settlement
settlement:pun_hispania_citerior_salduba	pun_hispania_citerior_salduba	Salduba	sho_generic_castle	4	settlement
settlement:pun_hispania_ulterior_carthago_nova	pun_hispania_ulterior_carthago_nova	Carthago Nova	sho_generic_castle	4	settlement
settlement:pun_hispania_ulterior_ibossim	pun_hispania_ulterior_ibossim	Ibossim	sho_generic_castle	4	settlement
settlement:pun_hispania_ulterior_ilici	pun_hispania_ulterior_ilici	Ilici	sho_generic_castle	4	settlement
settlement:pun_hispania_ulterior_saguntum	pun_hispania_ulterior_saguntum	Saguntum	sho_generic_castle	4	settlement
settlement:pun_latium_et_campania_capua	pun_latium_et_campania_capua	Capua	sho_generic_castle	4	settlement
settlement:pun_latium_et_campania_roma	pun_latium_et_campania_roma	Roma	sho_generic_castle	4	settlement
settlement:pun_latium_et_campania_tarracina	pun_latium_et_campania_tarracina	Tarracina	sho_generic_castle	4	settlement
settlement:pun_lusitania_ebora	pun_lusitania_ebora	Ebora	sho_generic_castle	4	settlement
settlement:pun_lusitania_helmantica	pun_lusitania_helmantica	Helmantica	sho_generic_castle	4	settlement
settlement:pun_lusitania_olisipo	pun_lusitania_olisipo	Olisipo	sho_generic_castle	4	settlement
settlement:pun_magna_graecia_buxentum	pun_magna_graecia_buxentum	Buxentum	sho_generic_castle	4	settlement
settlement:pun_magna_graecia_croton	pun_magna_graecia_croton	Croton	sho_generic_castle	4	settlement
settlement:pun_magna_graecia_tarentum	pun_magna_graecia_tarentum	Tarentum	sho_generic_castle	4	settlement
settlement:pun_magna_graecia_thurii	pun_magna_graecia_thurii	Thruii	sho_generic_castle	4	settlement
settlement:pun_mauretania_rutubis	pun_mauretania_rutubis	Rutubis	sho_generic_castle	4	settlement
settlement:pun_mauretania_siga	pun_mauretania_siga	Siga	sho_generic_castle	4	settlement
settlement:pun_mauretania_tingis	pun_mauretania_tingis	Tingis	sho_generic_castle	4	settlement
settlement:pun_mauretania_volubilis	pun_mauretania_volubilis	Volubilis	sho_generic_castle	4	settlement
settlement:pun_numidia_cirta	pun_numidia_cirta	Cirta	sho_generic_castle	4	settlement
settlement:pun_numidia_hippo_regius	pun_numidia_hippo_regius	Hippo Regius	sho_generic_castle	4	settlement
settlement:pun_numidia_iol	pun_numidia_iol	Iol	sho_generic_castle	4	settlement
settlement:pun_numidia_sitifi	pun_numidia_sitifi	Sitifi	sho_generic_castle	4	settlement
settlement:pun_samnium_barium	pun_samnium_barium	Barium	sho_generic_castle	4	settlement
settlement:pun_samnium_beneventum	pun_samnium_beneventum	Beneventum	sho_generic_castle	4	settlement
settlement:pun_samnium_sipontum	pun_samnium_sipontum	Sipontum	sho_generic_castle	4	settlement
settlement:pun_sicilia_lilybaeum	pun_sicilia_lilybaeum	Lilybaeum	sho_generic_castle	4	settlement
settlement:pun_sicilia_messana	pun_sicilia_messana	Messana	sho_generic_castle	4	settlement
settlement:pun_sicilia_syracuse	pun_sicilia_syracuse	Syracuse	sho_generic_castle	4	settlement
settlement:pun_tripolitana_leptis_magna	pun_tripolitana_leptis_magna	Leptis Magna	sho_generic_castle	4	settlement
settlement:pun_tripolitana_tacapae	pun_tripolitana_tacapae	Tacapae	sho_generic_castle	4	settlement
settlement:pun_tripolitana_thenteos	pun_tripolitana_thenteos	Thenteos	sho_generic_castle	4	settlement
settlement:pun_tripolitana_turris_tamalleni	pun_tripolitana_turris_tamalleni	Turris Tamalleni	sho_generic_castle	4	settlement
settlement:pun_turdetania_gades	pun_turdetania_gades	Gades	sho_generic_castle	4	settlement
settlement:pun_turdetania_kartuba	pun_turdetania_kartuba	Kartuba	sho_generic_castle	4	settlement
settlement:pun_umbria_et_picenum_ancona	pun_umbria_et_picenum_ancona	Ancona	sho_generic_castle	4	settlement
settlement:pun_umbria_et_picenum_corfinium	pun_umbria_et_picenum_corfinium	Corfinium	sho_generic_castle	4	settlement
settlement:pun_umbria_et_picenum_pisaurum	pun_umbria_et_picenum_pisaurum	Pisaurum	sho_generic_castle	4	settlement
settlement:pun_umbria_et_picenum_spoletium	pun_umbria_et_picenum_spoletium	Spoletium	sho_generic_castle	4	settlement
settlement:rom_aegyptos_ta_abt:myos_hormos	rom_aegyptos_ta_abt	Myos Hormos	sho_generic_castle	4	settlement
settlement:rom_aegyptos_ta_ament:memphis	rom_aegyptos_ta_ament	Memphis	sho_generic_castle	4	settlement
settlement:rom_aegyptos_ta_mehu:alexandria	rom_aegyptos_ta_mehu	Alexandria	sho_generic_castle	4	settlement
settlement:rom_aegyptos_ta_shemau:diospolis	rom_aegyptos_ta_shemau	Diospolis	sho_generic_castle	4	settlement
settlement:rom_africa_byzacium:thapsus	rom_africa_byzacium	Thapsus	sho_generic_castle	4	settlement
settlement:rom_africa_syrtis:macomades	rom_africa_syrtis	Macomades	sho_generic_castle	4	settlement
settlement:rom_africa_tripolis:lepcis	rom_africa_tripolis	Lepcis	sho_generic_castle	4	settlement
settlement:rom_africa_zeugitana:carthago	rom_africa_zeugitana	Carthago	sho_generic_castle	4	settlement
settlement:rom_aithiops_ityopya:aksum	rom_aithiops_ityopya	Aksum	sho_generic_castle	4	settlement
settlement:rom_aithiops_kush:meroe	rom_aithiops_kush	Meroe	sho_generic_castle	4	settlement
settlement:rom_aithiops_medjay:ptolemais_theron	rom_aithiops_medjay	Ptolemais Theron	sho_generic_castle	4	settlement
settlement:rom_aquitania_aquitania:burdigala	rom_aquitania_aquitania	Burdigala	sho_generic_castle	4	settlement
settlement:rom_aquitania_gergovia:nemossos	rom_aquitania_gergovia	Nemossos	sho_generic_castle	4	settlement
settlement:rom_aquitania_pictavis:limonum	rom_aquitania_pictavis	Lemonum	sho_generic_castle	4	settlement
settlement:rom_arabia_felix_himyar:eudaemon	rom_arabia_felix_himyar	Eudaemon	sho_generic_castle	4	settlement
settlement:rom_arabia_felix_maka:maas_gat	rom_arabia_felix_maka	Maas-gat	sho_generic_castle	4	settlement
settlement:rom_arabia_felix_saba:marib	rom_arabia_felix_saba	Marib	sho_generic_castle	4	settlement
settlement:rom_arabia_magna_dilmun:gerrha	rom_arabia_magna_dilmun	Gerrha	sho_generic_castle	4	settlement
settlement:rom_arabia_magna_kedar:adummatu	rom_arabia_magna_kedar	Adummatu	sho_generic_castle	4	settlement
settlement:rom_arabia_magna_lathrippa:yathrib	rom_arabia_magna_lathrippa	Yathrib	sho_generic_castle	4	settlement
settlement:rom_arachosia_arachosia:alexandria_arachosia	rom_arachosia_arachosia	Alexandria Arachosia	sho_generic_castle	4	settlement
settlement:rom_arachosia_paropamisadae:kapisene	rom_arachosia_paropamisadae	Kapisene	sho_generic_castle	4	settlement
settlement:rom_aria_aria:artacoana	rom_aria_aria	Artacoana	sho_generic_castle	4	settlement
settlement:rom_aria_drangiana:phrada	rom_aria_drangiana	Phrada	sho_generic_castle	4	settlement
settlement:rom_aria_margiana:merv	rom_aria_margiana	Merv	sho_generic_castle	4	settlement
settlement:rom_armenia_armenia:armavir	rom_armenia_armenia	Armavir	sho_generic_castle	4	settlement
settlement:rom_armenia_corduene:tushpa	rom_armenia_corduene	Tushpa	sho_generic_castle	4	settlement
settlement:rom_armenia_sophene:arsamosata	rom_armenia_sophene	Arsamosata	sho_generic_castle	4	settlement
settlement:rom_asia_lydia:ephesus	rom_asia_lydia	Ephesus	sho_generic_castle	4	settlement
settlement:rom_asia_mysia:pergamon	rom_asia_mysia	Pergamon	sho_generic_castle	4	settlement
settlement:rom_asia_phrygia:pessinus	rom_asia_phrygia	Pessinus	sho_generic_castle	4	settlement
settlement:rom_asia_rhodes:rhodos	rom_asia_rhodes	Rhodos	sho_generic_castle	4	settlement
settlement:rom_bactria_baktria:baktra	rom_bactria_baktria	Baktra	sho_generic_castle	4	settlement
settlement:rom_bactria_tocharia:eucratideia	rom_bactria_tocharia	Eucratideia	sho_generic_castle	4	settlement
settlement:rom_baetica_baeturia:kartuba	rom_baetica_baeturia	Kartuba	sho_generic_castle	4	settlement
settlement:rom_baetica_turdetania:gadira	rom_baetica_turdetania	Gadira	sho_generic_castle	4	settlement
settlement:rom_belgica_arduenna_silva:treverorum	rom_belgica_arduenna_silva	Treverorum	sho_generic_castle	4	settlement
settlement:rom_belgica_silva_carbonaria:nemetocenna	rom_belgica_silva_carbonaria	Nemetocenna	sho_generic_castle	4	settlement
settlement:rom_bithynia_et_pontus_bythynia:nicomedia	rom_bithynia_et_pontus_bythynia	Nicomedia	sho_generic_castle	4	settlement
settlement:rom_bithynia_et_pontus_paphlagonia:sinope	rom_bithynia_et_pontus_paphlagonia	Sinope	sho_generic_castle	4	settlement
settlement:rom_bithynia_et_pontus_pontos:cabira	rom_bithynia_et_pontus_pontos	Amaseia	sho_generic_castle	4	settlement
settlement:rom_bithynia_et_pontus_riza:trapezos	rom_bithynia_et_pontus_riza	Trapezos	sho_generic_castle	4	settlement
settlement:rom_bosporus_maeotia:tanais	rom_bosporus_maeotia	Tanais	sho_generic_castle	4	settlement
settlement:rom_bosporus_sindica:phanagoria	rom_bosporus_sindica	Phanagoria	sho_generic_castle	4	settlement
settlement:rom_bosporus_taurica:panticapaeum	rom_bosporus_taurica	Panticapaeum	sho_generic_castle	4	settlement
settlement:rom_britannia_brigantia:eborakon	rom_britannia_brigantia	Eborakon	sho_generic_castle	4	settlement
settlement:rom_britannia_britannia:camulodunon	rom_britannia_britannia	Camulodunon	sho_generic_castle	4	settlement
settlement:rom_britannia_demetia:moridunon	rom_britannia_demetia	Moridunon	sho_generic_castle	4	settlement
settlement:rom_britannia_dumnonia:iska	rom_britannia_dumnonia	Iska	sho_generic_castle	4	settlement
settlement:rom_caledonia_et_hibernia_caledonia:eildon	rom_caledonia_et_hibernia_caledonia	Eildon	sho_generic_castle	4	settlement
settlement:rom_caledonia_et_hibernia_hibernia:eblana	rom_caledonia_et_hibernia_hibernia	Eblana	sho_generic_castle	4	settlement
settlement:rom_carmania_eremos_karmania:bam	rom_carmania_eremos_karmania	Bam	sho_generic_castle	4	settlement
settlement:rom_carmania_karmania:harmozia	rom_carmania_karmania	Harmozia	sho_generic_castle	4	settlement
settlement:rom_cartaginensis_baleareis:ibossim	rom_cartaginensis_baleareis	Ibossim	sho_generic_castle	4	settlement
settlement:rom_cartaginensis_bastetania:qart_hadasht	rom_cartaginensis_bastetania	Qart Hadasht	sho_generic_castle	4	settlement
settlement:rom_cartaginensis_celtiberia:numantia	rom_cartaginensis_celtiberia	Numantia	sho_generic_castle	4	settlement
settlement:rom_cartaginensis_edetania:arse	rom_cartaginensis_edetania	Arse	sho_generic_castle	4	settlement
settlement:rom_caucasia_albania:gabala	rom_caucasia_albania	Gabala	sho_generic_castle	4	settlement
settlement:rom_caucasia_colchis:phasis	rom_caucasia_colchis	Phasis	sho_generic_castle	4	settlement
settlement:rom_caucasia_iberia:mtskheta	rom_caucasia_iberia	Mtskheta	sho_generic_castle	4	settlement
settlement:rom_celtica_aremorica:namnetum	rom_celtica_aremorica	Namnetum	sho_generic_castle	4	settlement
settlement:rom_celtica_lugdunensis:bibracte	rom_celtica_lugdunensis	Bibracte	sho_generic_castle	4	settlement
settlement:rom_celtica_lutetia:cenabum	rom_celtica_lutetia	Cenabum	sho_generic_castle	4	settlement
settlement:rom_chorasmia_korasmia:kath	rom_chorasmia_korasmia	Kath	sho_generic_castle	4	settlement
settlement:rom_chorasmia_transcaspia:amul	rom_chorasmia_transcaspia	Amul	sho_generic_castle	4	settlement
settlement:rom_cilicia_cilicia:tarsus	rom_cilicia_cilicia	Tarsus	sho_generic_castle	4	settlement
settlement:rom_cilicia_cyprus:salamis	rom_cilicia_cyprus	Salamis	sho_generic_castle	4	settlement
settlement:rom_cilicia_pamphylia:side	rom_cilicia_pamphylia	Side	sho_generic_castle	4	settlement
settlement:rom_cisalpina_insubria:medhlan	rom_cisalpina_insubria	Medhlan	sho_generic_castle	4	settlement
settlement:rom_cisalpina_liguria:genua	rom_cisalpina_liguria	Genua	sho_generic_castle	4	settlement
settlement:rom_cisalpina_venetia:patavium	rom_cisalpina_venetia	Patavium	sho_generic_castle	4	settlement
settlement:rom_corsica_et_sardinia_corsica:alalia	rom_corsica_et_sardinia_corsica	Alalia	sho_generic_castle	4	settlement
settlement:rom_corsica_et_sardinia_sardinia:karalis	rom_corsica_et_sardinia_sardinia	Karalis	sho_generic_castle	4	settlement
settlement:rom_dacia_bastarnia:petrodava	rom_dacia_bastarnia	Petrodava	sho_generic_castle	4	settlement
settlement:rom_dacia_dacia_inferior:malva	rom_dacia_dacia_inferior	Malva	sho_generic_castle	4	settlement
settlement:rom_dacia_dacia_superior:zarmizegetusa	rom_dacia_dacia_superior	Zarmizegetusa	sho_generic_castle	4	settlement
settlement:rom_galatia_et_cappadocia_cappadocia:mazaca	rom_galatia_et_cappadocia_cappadocia	Mazaca	sho_generic_castle	4	settlement
settlement:rom_galatia_et_cappadocia_commagene:samosata	rom_galatia_et_cappadocia_commagene	Samosata	sho_generic_castle	4	settlement
settlement:rom_galatia_et_cappadocia_galatia:ancyra	rom_galatia_et_cappadocia_galatia	Ancyra	sho_generic_castle	4	settlement
settlement:rom_galatia_et_cappadocia_lycaonia:iconium	rom_galatia_et_cappadocia_lycaonia	Iconium	sho_generic_castle	4	settlement
settlement:rom_gedrosia_gedrosia:pura	rom_gedrosia_gedrosia	Pura	sho_generic_castle	4	settlement
settlement:rom_gedrosia_rhambacia:oraea	rom_gedrosia_rhambacia	Oraea	sho_generic_castle	4	settlement
settlement:rom_germania_minor_germania_inferior:bavay	rom_germania_minor_germania_inferior	Bagacum	sho_generic_castle	4	settlement
settlement:rom_germania_minor_germania_superior:vesontio	rom_germania_minor_germania_superior	Vesontio	sho_generic_castle	4	settlement
settlement:rom_hellas_attiki:athenai	rom_hellas_attiki	Athenai	sho_generic_castle	4	settlement
settlement:rom_hellas_creta:hierapytna	rom_hellas_creta	Hierapytna	sho_generic_castle	4	settlement
settlement:rom_hellas_peloponnesos:sparta	rom_hellas_peloponnesos	Sparta	sho_generic_castle	4	settlement
settlement:rom_hercynia_hercynia_silva:zavist	rom_hercynia_hercynia_silva	Casurgis	sho_generic_castle	4	settlement
settlement:rom_hercynia_luna_silva:biatec	rom_hercynia_luna_silva	Istros	sho_generic_castle	4	settlement
settlement:rom_illyria_delminium:delminium	rom_illyria_dalmatia	Delminium	sho_generic_castle	4	settlement
settlement:rom_illyria_illyria:epidamnos	rom_illyria_illyria	Epidamnos	sho_generic_castle	4	settlement
settlement:rom_illyria_liburnia:lader	rom_illyria_liburnia	Iader	sho_generic_castle	4	settlement
settlement:rom_italia_etruria:velathri	rom_italia_etruria	Velathri	sho_generic_castle	4	settlement
settlement:rom_italia_latium:roma	rom_italia_latium	Roma	sho_generic_castle	4	settlement
settlement:rom_italia_picenum:ariminum	rom_italia_picenum	Ariminum	sho_generic_castle	4	settlement
settlement:rom_italia_samnium:beneventum	rom_italia_samnium	Neapolis	sho_generic_castle	4	settlement
settlement:rom_libue_cyrenaica:cyrene	rom_libue_cyrenaica	Cyrene	sho_generic_castle	4	settlement
settlement:rom_libue_marmarica:paraitonion	rom_libue_marmarica	Paraitonion	sho_generic_castle	4	settlement
settlement:rom_libue_oases:augila	rom_libue_oases	Augila	sho_generic_castle	4	settlement
settlement:rom_libue_siwa:ammonium	rom_libue_siwa	Ammonium	sho_generic_castle	4	settlement
settlement:rom_lusitania_celtica:ebora	rom_lusitania_celtica	Ebora	sho_generic_castle	4	settlement
settlement:rom_lusitania_lusitania:olisipo	rom_lusitania_lusitania	Olisipo	sho_generic_castle	4	settlement
settlement:rom_macedonia_epeiros:apollonia	rom_macedonia_epeiros	Apollonia	sho_generic_castle	4	settlement
settlement:rom_macedonia_makedonia:pella	rom_macedonia_makedonia	Pella	sho_generic_castle	4	settlement
settlement:rom_macedonia_thessalia:larissa	rom_macedonia_thessalia	Larissa	sho_generic_castle	4	settlement
settlement:rom_magna_germania_frisia:flevum	rom_magna_germania_frisia	Flevum	sho_generic_castle	4	settlement
settlement:rom_magna_germania_silva_bacenis:tulifurdum	rom_magna_germania_silva_bacenis	Tulifurdum	sho_generic_castle	4	settlement
settlement:rom_magna_germania_silva_nigra:ubursis	rom_magna_germania_silva_nigra	Uburzis	sho_generic_castle	4	settlement
settlement:rom_magna_graecia_bruttium:cosentia	rom_magna_graecia_bruttium	Cosentia	sho_generic_castle	4	settlement
settlement:rom_magna_graecia_calabria:brundisium	rom_magna_graecia_calabria	Brundisium	sho_generic_castle	4	settlement
settlement:rom_magna_graecia_lilybaion:lilybaeum	rom_magna_graecia_lilybaion	Lilybaeum	sho_generic_castle	4	settlement
settlement:rom_magna_graecia_sirako:syracusae	rom_magna_graecia_sirako	Syracusae	sho_generic_castle	4	settlement
settlement:rom_mauretania_atlas:migdol	rom_mauretania_atlas	Migdol	sho_generic_castle	4	settlement
settlement:rom_mauretania_gaetulia:dimmidi	rom_mauretania_gaetulia	Dimmidi	sho_generic_castle	4	settlement
settlement:rom_mauretania_numidia:iol	rom_mauretania_numidia	Iol	sho_generic_castle	4	settlement
settlement:rom_mauretania_tingitana:tingis	rom_mauretania_tingitana	Tingis	sho_generic_castle	4	settlement
settlement:rom_media_magna_atropatene:gazaca	rom_media_magna_atropatene	Gazaca	sho_generic_castle	4	settlement
settlement:rom_media_magna_media:ekbatana	rom_media_magna_media	Ekbatana	sho_generic_castle	4	settlement
settlement:rom_media_magna_rhagau:rhages	rom_media_magna_rhagau	Rhaga	sho_generic_castle	4	settlement
settlement:rom_mesopotamia_athura:hatra	rom_mesopotamia_athura	Hatra	sho_generic_castle	4	settlement
settlement:rom_mesopotamia_babylonia:seleucia	rom_mesopotamia_babylonia	Seleucia	sho_generic_castle	4	settlement
settlement:rom_mesopotamia_mesene:charax	rom_mesopotamia_mesene	Charax	sho_generic_castle	4	settlement
settlement:rom_mesopotamia_osroene:edessa	rom_mesopotamia_osroene	Edessa	sho_generic_castle	4	settlement
settlement:rom_nabataea_havilah:charmuthas	rom_nabataea_havilah	Charmuthas	sho_generic_castle	4	settlement
settlement:rom_nabataea_iudaea:jerusalem	rom_nabataea_iudaea	Jerusalem	sho_generic_castle	4	settlement
settlement:rom_nabataea_jordan:petra	rom_nabataea_jordan	Petra	sho_generic_castle	4	settlement
settlement:rom_nabataea_lihyan:hegra	rom_nabataea_lihyan	Hegra	sho_generic_castle	4	settlement
settlement:rom_pannonia_pannonia_inferior:singidun	rom_pannonia_pannonia_inferior	Singidun	sho_generic_castle	4	settlement
settlement:rom_pannonia_pannonia_superior:segestica	rom_pannonia_pannonia_superior	Segestica	sho_generic_castle	4	settlement
settlement:rom_pannonia_transdanubia:ak_ink	rom_pannonia_transdanubia	Akink	sho_generic_castle	4	settlement
settlement:rom_parthia_astauene:nisa	rom_parthia_astauene	Nisa	sho_generic_castle	4	settlement
settlement:rom_parthia_hyrcania:zadrakarta	rom_parthia_hyrcania	Zadrakarta	sho_generic_castle	4	settlement
settlement:rom_parthia_parthia:hecatompylos	rom_parthia_parthia	Hecatompylos	sho_generic_castle	4	settlement
settlement:rom_parthia_traxiane:susia	rom_parthia_traxiane	Susia	sho_generic_castle	4	settlement
settlement:rom_persis_elam:susa	rom_persis_elam	Susa	sho_generic_castle	4	settlement
settlement:rom_persis_lyan:gor	rom_persis_lyan	Gor	sho_generic_castle	4	settlement
settlement:rom_persis_parsa:persepolis	rom_persis_parsa	Persepolis	sho_generic_castle	4	settlement
settlement:rom_phazania_tidamensi:cydamus	rom_phazania_tidamensi	Cydamus	sho_generic_castle	4	settlement
settlement:rom_phazania_zinchecra:garama	rom_phazania_zinchecra	Garama	sho_generic_castle	4	settlement
settlement:rom_ponto_caspia_cimmeria:solokha	rom_ponto_caspia_cimmeria	Solokha	sho_generic_castle	4	settlement
settlement:rom_ponto_caspia_didoya:samandar	rom_ponto_caspia_didoya	Samandar	sho_generic_castle	4	settlement
settlement:rom_ponto_caspia_oium:olbia	rom_ponto_caspia_oium	Olbia	sho_generic_castle	4	settlement
settlement:rom_ponto_caspia_zyx:siracena	rom_ponto_caspia_zyx	Siracena	sho_generic_castle	4	settlement
settlement:rom_provincia_narbonensis:tolosa	rom_provincia_narbonensis	Tolosa	sho_generic_castle	4	settlement
settlement:rom_provincia_transalpina:massalia	rom_provincia_transalpina	Massalia	sho_generic_castle	4	settlement
settlement:rom_raetia_et_noricum_helvetia:octodurus	rom_raetia_et_noricum_helvetia	Octuduron	sho_generic_castle	4	settlement
settlement:rom_raetia_et_noricum_noricum:noreia	rom_raetia_et_noricum_noricum	Noreia	sho_generic_castle	4	settlement
settlement:rom_raetia_et_noricum_raetia:koria	rom_raetia_et_noricum_raetia	Koria	sho_generic_castle	4	settlement
settlement:rom_sarmatia_aestia:mons_regius	rom_sarmatia_aestia	Mons Regius	sho_generic_castle	4	settlement
settlement:rom_sarmatia_galicia:galic	rom_sarmatia_galicia	Galic	sho_generic_castle	4	settlement
settlement:rom_sarmatia_pripet:tur	rom_sarmatia_pripet	Tur	sho_generic_castle	4	settlement
settlement:rom_scythia_scythia:gelonus	rom_scythia_scythia	Gelonus	sho_generic_castle	4	settlement
settlement:rom_scythia_turan:sarai	rom_scythia_turan	Sarai	sho_generic_castle	4	settlement
settlement:rom_scythia_usturt:aktau	rom_scythia_usturt	Aktau	sho_generic_castle	4	settlement
settlement:rom_silesia_leda:belz	rom_silesia_leda	Belz	sho_generic_castle	4	settlement
settlement:rom_silesia_silesia:budorgis	rom_silesia_silesia	Budorgis	sho_generic_castle	4	settlement
settlement:rom_suebia_bomeranorum:biskupin	rom_suebia_bomeranorum	Ascaucalis	sho_generic_castle	4	settlement
settlement:rom_suebia_cimbria:alabu	rom_suebia_cimbria	Alabu	sho_generic_castle	4	settlement
settlement:rom_suebia_lusatia:lupfurdum	rom_suebia_lusatia	Lupfurdum	sho_generic_castle	4	settlement
settlement:rom_suebia_rugia:rhougion	rom_suebia_rugia	Rhougion	sho_generic_castle	4	settlement
settlement:rom_syria_aram:palmyra	rom_syria_aram	Palmyra	sho_generic_castle	4	settlement
settlement:rom_syria_eremos_syria:dura	rom_syria_eremos_syria	Dura	sho_generic_castle	4	settlement
settlement:rom_syria_phonecia:tyros	rom_syria_phonecia	Tyros	sho_generic_castle	4	settlement
settlement:rom_syria_syria:antioch	rom_syria_syria	Antioch	sho_generic_castle	4	settlement
settlement:rom_tarraconensis_callaecia:brigantium	rom_tarraconensis_callaecia	Brigantium	sho_generic_castle	4	settlement
settlement:rom_tarraconensis_cantabria:aracillum	rom_tarraconensis_cantabria	Aracillum	sho_generic_castle	4	settlement
settlement:rom_tarraconensis_tarraconensis:tarraco	rom_tarraconensis_tarraconensis	Tarraco	sho_generic_castle	4	settlement
settlement:rom_thracia_byzantion:antheia	rom_thracia_byzantion	Antheia	sho_generic_castle	4	settlement
settlement:rom_thracia_dardania:naissos	rom_thracia_dardania	Navissos	sho_generic_castle	4	settlement
settlement:rom_thracia_moesia:odessos	rom_thracia_moesia	Odessos	sho_generic_castle	4	settlement
settlement:rom_thracia_thracia:pulpudeva	rom_thracia_thracia	Pulpudeva	sho_generic_castle	4	settlement
settlement:rom_transoxania_kangju:bukhara	rom_transoxania_kangju	Bukhara	sho_generic_castle	4	settlement
settlement:rom_transoxania_sodgiana:maracanda	rom_transoxania_sodgiana	Maracanda	sho_generic_castle	4	settlement
